label,id
0,20800
1,20801
1,20802
0,20803
1,20804
1,20805
0,20806
1,20807
1,20808
1,20809
1,20810
1,20811
1,20812
1,20813
1,20814
0,20815
0,20816
0,20817
1,20818
0,20819
1,20820
1,20821
1,20822
1,20823
1,20824
0,20825
1,20826
0,20827
0,20828
1,20829
0,20830
1,20831
0,20832
0,20833
1,20834
0,20835
0,20836
1,20837
1,20838
0,20839
0,20840
0,20841
1,20842
0,20843
0,20844
1,20845
0,20846
0,20847
1,20848
1,20849
0,20850
1,20851
0,20852
1,20853
1,20854
0,20855
1,20856
0,20857
0,20858
0,20859
1,20860
1,20861
1,20862
0,20863
1,20864
1,20865
1,20866
1,20867
1,20868
0,20869
1,20870
1,20871
1,20872
0,20873
0,20874
0,20875
0,20876
0,20877
1,20878
0,20879
0,20880
1,20881
0,20882
1,20883
1,20884
1,20885
1,20886
0,20887
0,20888
0,20889
1,20890
0,20891
0,20892
1,20893
1,20894
0,20895
0,20896
0,20897
1,20898
1,20899
0,20900
1,20901
0,20902
0,20903
0,20904
0,20905
1,20906
0,20907
1,20908
1,20909
1,20910
1,20911
0,20912
0,20913
0,20914
0,20915
0,20916
1,20917
0,20918
1,20919
1,20920
0,20921
1,20922
0,20923
0,20924
1,20925
1,20926
0,20927
1,20928
0,20929
1,20930
0,20931
1,20932
0,20933
0,20934
0,20935
0,20936
1,20937
1,20938
1,20939
1,20940
0,20941
1,20942
1,20943
1,20944
0,20945
1,20946
1,20947
0,20948
0,20949
1,20950
1,20951
0,20952
1,20953
0,20954
1,20955
0,20956
1,20957
1,20958
1,20959
1,20960
1,20961
1,20962
1,20963
0,20964
1,20965
0,20966
1,20967
1,20968
0,20969
0,20970
0,20971
0,20972
1,20973
0,20974
0,20975
0,20976
0,20977
0,20978
0,20979
0,20980
0,20981
0,20982
1,20983
0,20984
1,20985
1,20986
0,20987
1,20988
0,20989
1,20990
0,20991
0,20992
0,20993
1,20994
1,20995
1,20996
1,20997
1,20998
0,20999
0,21000
1,21001
0,21002
1,21003
1,21004
1,21005
1,21006
1,21007
0,21008
0,21009
0,21010
1,21011
1,21012
0,21013
1,21014
1,21015
1,21016
0,21017
0,21018
1,21019
0,21020
1,21021
0,21022
0,21023
0,21024
1,21025
1,21026
1,21027
0,21028
0,21029
0,21030
0,21031
1,21032
1,21033
1,21034
1,21035
1,21036
1,21037
1,21038
0,21039
1,21040
1,21041
0,21042
1,21043
1,21044
0,21045
0,21046
1,21047
0,21048
1,21049
1,21050
1,21051
1,21052
0,21053
1,21054
0,21055
0,21056
1,21057
1,21058
1,21059
0,21060
1,21061
1,21062
0,21063
1,21064
1,21065
1,21066
1,21067
0,21068
1,21069
0,21070
1,21071
1,21072
1,21073
0,21074
0,21075
0,21076
0,21077
0,21078
1,21079
1,21080
1,21081
0,21082
1,21083
1,21084
0,21085
0,21086
1,21087
0,21088
1,21089
0,21090
1,21091
0,21092
1,21093
1,21094
1,21095
1,21096
1,21097
1,21098
0,21099
0,21100
0,21101
1,21102
1,21103
1,21104
0,21105
1,21106
1,21107
0,21108
0,21109
0,21110
0,21111
1,21112
0,21113
0,21114
1,21115
0,21116
1,21117
0,21118
1,21119
0,21120
0,21121
0,21122
1,21123
0,21124
1,21125
1,21126
0,21127
0,21128
1,21129
1,21130
0,21131
1,21132
1,21133
0,21134
1,21135
1,21136
0,21137
0,21138
0,21139
1,21140
0,21141
1,21142
0,21143
1,21144
0,21145
1,21146
1,21147
0,21148
1,21149
0,21150
0,21151
1,21152
1,21153
0,21154
1,21155
1,21156
1,21157
1,21158
0,21159
1,21160
0,21161
1,21162
1,21163
1,21164
0,21165
1,21166
1,21167
0,21168
0,21169
0,21170
1,21171
0,21172
0,21173
1,21174
0,21175
1,21176
1,21177
0,21178
0,21179
0,21180
1,21181
1,21182
0,21183
1,21184
1,21185
0,21186
1,21187
0,21188
0,21189
1,21190
1,21191
0,21192
0,21193
0,21194
1,21195
1,21196
0,21197
0,21198
0,21199
0,21200
0,21201
0,21202
0,21203
1,21204
0,21205
0,21206
1,21207
0,21208
0,21209
1,21210
0,21211
0,21212
0,21213
0,21214
0,21215
0,21216
0,21217
1,21218
0,21219
0,21220
0,21221
1,21222
0,21223
1,21224
1,21225
0,21226
1,21227
0,21228
0,21229
0,21230
1,21231
0,21232
1,21233
0,21234
0,21235
0,21236
1,21237
1,21238
0,21239
1,21240
0,21241
1,21242
0,21243
0,21244
0,21245
0,21246
1,21247
0,21248
0,21249
1,21250
1,21251
1,21252
1,21253
0,21254
0,21255
0,21256
0,21257
1,21258
0,21259
0,21260
0,21261
0,21262
0,21263
0,21264
0,21265
0,21266
0,21267
0,21268
0,21269
1,21270
0,21271
0,21272
0,21273
1,21274
0,21275
1,21276
1,21277
0,21278
1,21279
1,21280
0,21281
1,21282
0,21283
0,21284
0,21285
1,21286
1,21287
0,21288
0,21289
0,21290
0,21291
0,21292
1,21293
0,21294
0,21295
0,21296
1,21297
1,21298
1,21299
1,21300
0,21301
0,21302
0,21303
1,21304
1,21305
0,21306
0,21307
0,21308
0,21309
1,21310
1,21311
1,21312
0,21313
0,21314
1,21315
1,21316
0,21317
0,21318
0,21319
0,21320
0,21321
1,21322
1,21323
0,21324
1,21325
0,21326
0,21327
1,21328
1,21329
1,21330
1,21331
0,21332
1,21333
1,21334
0,21335
1,21336
0,21337
1,21338
0,21339
1,21340
1,21341
1,21342
0,21343
0,21344
1,21345
0,21346
0,21347
1,21348
0,21349
0,21350
1,21351
0,21352
1,21353
1,21354
0,21355
1,21356
0,21357
0,21358
1,21359
0,21360
1,21361
0,21362
0,21363
1,21364
1,21365
0,21366
1,21367
1,21368
0,21369
1,21370
0,21371
1,21372
0,21373
0,21374
0,21375
0,21376
1,21377
0,21378
1,21379
0,21380
0,21381
1,21382
1,21383
0,21384
1,21385
1,21386
1,21387
0,21388
1,21389
1,21390
1,21391
0,21392
0,21393
0,21394
0,21395
0,21396
0,21397
0,21398
0,21399
1,21400
0,21401
1,21402
1,21403
0,21404
0,21405
0,21406
1,21407
0,21408
0,21409
1,21410
1,21411
0,21412
0,21413
0,21414
1,21415
1,21416
0,21417
0,21418
1,21419
1,21420
0,21421
1,21422
0,21423
0,21424
0,21425
1,21426
0,21427
1,21428
0,21429
0,21430
1,21431
0,21432
1,21433
1,21434
0,21435
0,21436
1,21437
0,21438
1,21439
0,21440
1,21441
1,21442
1,21443
0,21444
1,21445
1,21446
0,21447
1,21448
1,21449
1,21450
1,21451
0,21452
1,21453
0,21454
1,21455
0,21456
1,21457
0,21458
0,21459
1,21460
1,21461
0,21462
1,21463
0,21464
0,21465
0,21466
0,21467
0,21468
0,21469
0,21470
1,21471
0,21472
0,21473
0,21474
0,21475
1,21476
1,21477
0,21478
1,21479
1,21480
0,21481
1,21482
0,21483
0,21484
1,21485
0,21486
1,21487
1,21488
0,21489
0,21490
0,21491
1,21492
1,21493
0,21494
0,21495
1,21496
0,21497
1,21498
0,21499
0,21500
0,21501
0,21502
1,21503
1,21504
1,21505
1,21506
0,21507
0,21508
0,21509
0,21510
1,21511
0,21512
1,21513
0,21514
0,21515
1,21516
1,21517
0,21518
0,21519
1,21520
0,21521
1,21522
1,21523
1,21524
0,21525
0,21526
0,21527
1,21528
0,21529
0,21530
0,21531
0,21532
0,21533
0,21534
0,21535
0,21536
1,21537
1,21538
0,21539
1,21540
1,21541
0,21542
0,21543
1,21544
0,21545
0,21546
0,21547
0,21548
0,21549
1,21550
1,21551
1,21552
1,21553
0,21554
1,21555
0,21556
0,21557
1,21558
1,21559
0,21560
0,21561
0,21562
0,21563
1,21564
1,21565
0,21566
1,21567
0,21568
0,21569
0,21570
1,21571
0,21572
1,21573
0,21574
0,21575
0,21576
1,21577
1,21578
1,21579
1,21580
1,21581
1,21582
1,21583
1,21584
1,21585
0,21586
0,21587
0,21588
0,21589
0,21590
0,21591
0,21592
1,21593
1,21594
0,21595
0,21596
1,21597
0,21598
0,21599
0,21600
0,21601
1,21602
1,21603
0,21604
0,21605
0,21606
1,21607
0,21608
1,21609
1,21610
1,21611
1,21612
0,21613
1,21614
0,21615
0,21616
0,21617
1,21618
0,21619
0,21620
1,21621
0,21622
1,21623
1,21624
0,21625
1,21626
1,21627
1,21628
1,21629
0,21630
1,21631
0,21632
1,21633
0,21634
1,21635
0,21636
1,21637
0,21638
1,21639
1,21640
1,21641
0,21642
0,21643
0,21644
1,21645
0,21646
0,21647
0,21648
1,21649
1,21650
1,21651
1,21652
0,21653
1,21654
0,21655
1,21656
1,21657
1,21658
0,21659
0,21660
1,21661
0,21662
1,21663
0,21664
1,21665
1,21666
1,21667
1,21668
0,21669
1,21670
0,21671
0,21672
1,21673
0,21674
0,21675
0,21676
1,21677
1,21678
0,21679
0,21680
1,21681
1,21682
1,21683
1,21684
1,21685
1,21686
1,21687
1,21688
1,21689
1,21690
0,21691
1,21692
0,21693
0,21694
1,21695
0,21696
0,21697
0,21698
1,21699
1,21700
0,21701
0,21702
0,21703
0,21704
1,21705
0,21706
1,21707
1,21708
1,21709
0,21710
0,21711
1,21712
1,21713
1,21714
0,21715
0,21716
0,21717
1,21718
0,21719
0,21720
1,21721
1,21722
1,21723
0,21724
1,21725
1,21726
0,21727
0,21728
1,21729
1,21730
0,21731
1,21732
1,21733
0,21734
1,21735
0,21736
0,21737
1,21738
0,21739
1,21740
1,21741
1,21742
1,21743
1,21744
0,21745
1,21746
1,21747
1,21748
1,21749
1,21750
0,21751
0,21752
1,21753
0,21754
0,21755
1,21756
1,21757
0,21758
0,21759
1,21760
0,21761
1,21762
1,21763
0,21764
1,21765
1,21766
0,21767
0,21768
1,21769
0,21770
0,21771
0,21772
0,21773
1,21774
0,21775
0,21776
0,21777
1,21778
0,21779
0,21780
0,21781
1,21782
1,21783
1,21784
1,21785
0,21786
0,21787
0,21788
1,21789
1,21790
0,21791
0,21792
0,21793
1,21794
0,21795
1,21796
0,21797
1,21798
0,21799
0,21800
1,21801
1,21802
1,21803
0,21804
0,21805
0,21806
1,21807
1,21808
1,21809
1,21810
1,21811
0,21812
0,21813
1,21814
0,21815
1,21816
0,21817
1,21818
0,21819
0,21820
1,21821
0,21822
0,21823
1,21824
0,21825
1,21826
1,21827
1,21828
1,21829
1,21830
1,21831
0,21832
1,21833
1,21834
1,21835
0,21836
1,21837
0,21838
1,21839
1,21840
1,21841
0,21842
0,21843
1,21844
0,21845
0,21846
1,21847
1,21848
1,21849
1,21850
0,21851
0,21852
1,21853
1,21854
1,21855
0,21856
1,21857
0,21858
0,21859
0,21860
1,21861
1,21862
1,21863
0,21864
1,21865
1,21866
0,21867
0,21868
1,21869
1,21870
0,21871
0,21872
1,21873
1,21874
1,21875
0,21876
0,21877
1,21878
1,21879
0,21880
1,21881
1,21882
0,21883
1,21884
0,21885
0,21886
0,21887
1,21888
0,21889
1,21890
0,21891
0,21892
0,21893
0,21894
1,21895
1,21896
0,21897
0,21898
1,21899
0,21900
1,21901
1,21902
1,21903
1,21904
1,21905
1,21906
1,21907
1,21908
0,21909
1,21910
0,21911
0,21912
0,21913
1,21914
1,21915
0,21916
0,21917
0,21918
0,21919
0,21920
0,21921
0,21922
0,21923
0,21924
0,21925
0,21926
1,21927
1,21928
1,21929
1,21930
1,21931
1,21932
1,21933
1,21934
0,21935
1,21936
0,21937
1,21938
1,21939
1,21940
0,21941
0,21942
1,21943
1,21944
1,21945
1,21946
1,21947
0,21948
0,21949
1,21950
1,21951
0,21952
0,21953
1,21954
1,21955
0,21956
1,21957
0,21958
0,21959
1,21960
0,21961
0,21962
0,21963
0,21964
1,21965
1,21966
0,21967
1,21968
1,21969
0,21970
1,21971
0,21972
0,21973
1,21974
1,21975
1,21976
0,21977
1,21978
0,21979
0,21980
1,21981
0,21982
0,21983
1,21984
1,21985
0,21986
1,21987
0,21988
0,21989
1,21990
0,21991
1,21992
1,21993
1,21994
1,21995
0,21996
0,21997
0,21998
0,21999
0,22000
1,22001
1,22002
1,22003
1,22004
1,22005
1,22006
0,22007
0,22008
0,22009
0,22010
1,22011
0,22012
0,22013
0,22014
0,22015
0,22016
0,22017
0,22018
1,22019
1,22020
1,22021
0,22022
1,22023
0,22024
0,22025
1,22026
1,22027
0,22028
1,22029
1,22030
1,22031
0,22032
1,22033
1,22034
0,22035
0,22036
0,22037
1,22038
0,22039
0,22040
1,22041
1,22042
1,22043
0,22044
1,22045
1,22046
0,22047
0,22048
1,22049
0,22050
0,22051
0,22052
0,22053
1,22054
1,22055
1,22056
1,22057
1,22058
1,22059
0,22060
1,22061
1,22062
0,22063
0,22064
1,22065
1,22066
0,22067
1,22068
1,22069
1,22070
1,22071
0,22072
0,22073
1,22074
0,22075
0,22076
0,22077
0,22078
0,22079
0,22080
1,22081
0,22082
0,22083
0,22084
1,22085
1,22086
1,22087
0,22088
1,22089
1,22090
0,22091
1,22092
1,22093
0,22094
0,22095
1,22096
0,22097
0,22098
0,22099
0,22100
0,22101
1,22102
0,22103
1,22104
0,22105
0,22106
0,22107
1,22108
0,22109
1,22110
1,22111
1,22112
1,22113
0,22114
1,22115
0,22116
0,22117
0,22118
0,22119
1,22120
1,22121
1,22122
0,22123
1,22124
0,22125
1,22126
1,22127
0,22128
0,22129
1,22130
1,22131
0,22132
1,22133
0,22134
0,22135
0,22136
0,22137
0,22138
0,22139
0,22140
1,22141
1,22142
0,22143
1,22144
0,22145
1,22146
1,22147
0,22148
1,22149
0,22150
0,22151
1,22152
0,22153
0,22154
1,22155
0,22156
1,22157
1,22158
1,22159
1,22160
1,22161
0,22162
0,22163
0,22164
1,22165
1,22166
0,22167
1,22168
1,22169
0,22170
0,22171
1,22172
0,22173
1,22174
0,22175
0,22176
0,22177
1,22178
0,22179
0,22180
1,22181
0,22182
0,22183
1,22184
1,22185
1,22186
0,22187
0,22188
0,22189
1,22190
0,22191
1,22192
1,22193
0,22194
1,22195
0,22196
1,22197
1,22198
0,22199
0,22200
0,22201
0,22202
1,22203
1,22204
0,22205
0,22206
0,22207
1,22208
1,22209
0,22210
1,22211
1,22212
1,22213
1,22214
0,22215
0,22216
1,22217
0,22218
1,22219
0,22220
1,22221
1,22222
1,22223
1,22224
1,22225
0,22226
0,22227
1,22228
1,22229
1,22230
1,22231
0,22232
0,22233
0,22234
0,22235
1,22236
1,22237
1,22238
1,22239
0,22240
0,22241
1,22242
0,22243
1,22244
1,22245
0,22246
0,22247
1,22248
0,22249
1,22250
0,22251
1,22252
0,22253
0,22254
0,22255
1,22256
0,22257
1,22258
1,22259
1,22260
0,22261
0,22262
0,22263
1,22264
1,22265
0,22266
0,22267
1,22268
1,22269
0,22270
0,22271
1,22272
1,22273
0,22274
1,22275
1,22276
0,22277
1,22278
1,22279
0,22280
0,22281
1,22282
1,22283
0,22284
1,22285
1,22286
0,22287
0,22288
1,22289
0,22290
0,22291
0,22292
0,22293
0,22294
1,22295
0,22296
0,22297
0,22298
1,22299
1,22300
1,22301
0,22302
0,22303
1,22304
1,22305
1,22306
1,22307
0,22308
0,22309
0,22310
0,22311
0,22312
1,22313
1,22314
1,22315
1,22316
0,22317
0,22318
1,22319
0,22320
1,22321
0,22322
1,22323
0,22324
1,22325
1,22326
0,22327
1,22328
1,22329
1,22330
1,22331
0,22332
1,22333
1,22334
0,22335
0,22336
0,22337
1,22338
1,22339
0,22340
0,22341
1,22342
0,22343
0,22344
0,22345
0,22346
1,22347
0,22348
0,22349
1,22350
0,22351
1,22352
1,22353
1,22354
0,22355
1,22356
1,22357
1,22358
1,22359
1,22360
0,22361
0,22362
0,22363
1,22364
1,22365
1,22366
0,22367
0,22368
0,22369
1,22370
1,22371
1,22372
1,22373
0,22374
0,22375
0,22376
1,22377
1,22378
1,22379
0,22380
1,22381
1,22382
1,22383
0,22384
1,22385
1,22386
1,22387
0,22388
1,22389
0,22390
1,22391
0,22392
1,22393
0,22394
1,22395
0,22396
1,22397
0,22398
1,22399
0,22400
1,22401
0,22402
1,22403
1,22404
1,22405
1,22406
1,22407
0,22408
0,22409
0,22410
1,22411
1,22412
0,22413
1,22414
1,22415
0,22416
1,22417
1,22418
1,22419
0,22420
0,22421
0,22422
0,22423
0,22424
1,22425
0,22426
1,22427
1,22428
0,22429
0,22430
1,22431
1,22432
1,22433
1,22434
1,22435
0,22436
0,22437
1,22438
0,22439
1,22440
1,22441
1,22442
0,22443
1,22444
0,22445
0,22446
1,22447
1,22448
1,22449
1,22450
1,22451
0,22452
0,22453
1,22454
1,22455
1,22456
0,22457
0,22458
0,22459
0,22460
1,22461
0,22462
0,22463
0,22464
1,22465
1,22466
1,22467
0,22468
0,22469
0,22470
1,22471
0,22472
1,22473
0,22474
1,22475
1,22476
1,22477
1,22478
0,22479
1,22480
1,22481
1,22482
0,22483
0,22484
0,22485
1,22486
0,22487
0,22488
0,22489
0,22490
1,22491
0,22492
0,22493
1,22494
0,22495
0,22496
0,22497
1,22498
0,22499
0,22500
0,22501
0,22502
0,22503
0,22504
0,22505
1,22506
1,22507
1,22508
1,22509
1,22510
0,22511
0,22512
0,22513
1,22514
0,22515
1,22516
1,22517
0,22518
1,22519
0,22520
1,22521
1,22522
0,22523
1,22524
0,22525
0,22526
1,22527
0,22528
1,22529
1,22530
1,22531
1,22532
1,22533
1,22534
0,22535
0,22536
0,22537
1,22538
0,22539
0,22540
1,22541
0,22542
1,22543
1,22544
0,22545
0,22546
1,22547
0,22548
1,22549
0,22550
0,22551
0,22552
0,22553
1,22554
0,22555
0,22556
1,22557
0,22558
1,22559
0,22560
0,22561
1,22562
1,22563
1,22564
0,22565
0,22566
0,22567
1,22568
0,22569
0,22570
1,22571
1,22572
1,22573
1,22574
1,22575
1,22576
0,22577
1,22578
1,22579
0,22580
0,22581
1,22582
0,22583
0,22584
1,22585
0,22586
1,22587
0,22588
0,22589
0,22590
1,22591
0,22592
0,22593
0,22594
0,22595
0,22596
1,22597
0,22598
0,22599
1,22600
1,22601
0,22602
0,22603
0,22604
0,22605
1,22606
0,22607
0,22608
0,22609
1,22610
1,22611
0,22612
1,22613
1,22614
1,22615
0,22616
1,22617
1,22618
1,22619
0,22620
1,22621
1,22622
0,22623
0,22624
1,22625
1,22626
0,22627
1,22628
1,22629
1,22630
0,22631
1,22632
0,22633
0,22634
0,22635
1,22636
1,22637
0,22638
0,22639
1,22640
0,22641
1,22642
0,22643
0,22644
1,22645
0,22646
1,22647
1,22648
1,22649
1,22650
1,22651
0,22652
1,22653
1,22654
1,22655
0,22656
1,22657
0,22658
0,22659
0,22660
1,22661
1,22662
1,22663
0,22664
1,22665
1,22666
0,22667
0,22668
1,22669
0,22670
1,22671
1,22672
1,22673
1,22674
1,22675
1,22676
1,22677
0,22678
1,22679
0,22680
1,22681
0,22682
0,22683
1,22684
0,22685
0,22686
0,22687
0,22688
1,22689
0,22690
0,22691
1,22692
0,22693
0,22694
1,22695
1,22696
1,22697
1,22698
1,22699
1,22700
1,22701
0,22702
0,22703
0,22704
1,22705
0,22706
1,22707
1,22708
1,22709
0,22710
0,22711
0,22712
1,22713
0,22714
0,22715
1,22716
0,22717
0,22718
1,22719
0,22720
0,22721
1,22722
0,22723
0,22724
0,22725
0,22726
0,22727
0,22728
1,22729
1,22730
0,22731
1,22732
1,22733
1,22734
0,22735
1,22736
1,22737
0,22738
1,22739
0,22740
1,22741
0,22742
0,22743
0,22744
1,22745
1,22746
1,22747
0,22748
1,22749
1,22750
0,22751
0,22752
1,22753
0,22754
1,22755
0,22756
0,22757
1,22758
1,22759
0,22760
1,22761
1,22762
0,22763
0,22764
0,22765
0,22766
0,22767
0,22768
1,22769
1,22770
0,22771
1,22772
0,22773
1,22774
0,22775
0,22776
0,22777
0,22778
1,22779
1,22780
0,22781
1,22782
0,22783
1,22784
0,22785
0,22786
0,22787
0,22788
1,22789
1,22790
0,22791
1,22792
1,22793
0,22794
1,22795
1,22796
0,22797
0,22798
1,22799
0,22800
1,22801
1,22802
1,22803
0,22804
1,22805
1,22806
0,22807
1,22808
1,22809
0,22810
1,22811
0,22812
1,22813
0,22814
0,22815
0,22816
0,22817
1,22818
1,22819
1,22820
1,22821
1,22822
0,22823
0,22824
0,22825
0,22826
1,22827
1,22828
1,22829
0,22830
1,22831
0,22832
0,22833
0,22834
1,22835
1,22836
1,22837
1,22838
1,22839
1,22840
1,22841
1,22842
1,22843
1,22844
0,22845
1,22846
1,22847
0,22848
1,22849
0,22850
0,22851
1,22852
0,22853
1,22854
0,22855
0,22856
0,22857
0,22858
0,22859
0,22860
1,22861
1,22862
1,22863
0,22864
0,22865
1,22866
0,22867
1,22868
0,22869
1,22870
1,22871
0,22872
0,22873
0,22874
1,22875
1,22876
0,22877
0,22878
1,22879
1,22880
0,22881
1,22882
0,22883
1,22884
0,22885
0,22886
1,22887
0,22888
0,22889
1,22890
1,22891
1,22892
0,22893
1,22894
1,22895
0,22896
1,22897
0,22898
0,22899
1,22900
0,22901
1,22902
1,22903
0,22904
0,22905
0,22906
1,22907
1,22908
0,22909
1,22910
0,22911
1,22912
1,22913
1,22914
0,22915
0,22916
1,22917
0,22918
1,22919
1,22920
1,22921
0,22922
1,22923
0,22924
1,22925
1,22926
1,22927
1,22928
0,22929
1,22930
0,22931
1,22932
0,22933
1,22934
1,22935
1,22936
1,22937
1,22938
0,22939
0,22940
0,22941
1,22942
1,22943
0,22944
1,22945
0,22946
0,22947
1,22948
1,22949
1,22950
1,22951
0,22952
0,22953
1,22954
0,22955
1,22956
0,22957
0,22958
1,22959
1,22960
1,22961
0,22962
0,22963
1,22964
1,22965
1,22966
0,22967
0,22968
0,22969
1,22970
1,22971
1,22972
1,22973
1,22974
0,22975
0,22976
0,22977
1,22978
0,22979
1,22980
0,22981
0,22982
1,22983
0,22984
0,22985
1,22986
1,22987
1,22988
1,22989
1,22990
1,22991
0,22992
0,22993
0,22994
1,22995
1,22996
1,22997
1,22998
1,22999
0,23000
0,23001
0,23002
1,23003
1,23004
1,23005
1,23006
1,23007
0,23008
0,23009
0,23010
1,23011
1,23012
0,23013
1,23014
1,23015
1,23016
0,23017
0,23018
0,23019
0,23020
1,23021
1,23022
0,23023
1,23024
0,23025
1,23026
1,23027
0,23028
0,23029
0,23030
0,23031
1,23032
0,23033
0,23034
1,23035
1,23036
1,23037
0,23038
0,23039
1,23040
1,23041
1,23042
0,23043
1,23044
0,23045
1,23046
0,23047
1,23048
0,23049
0,23050
1,23051
0,23052
0,23053
0,23054
1,23055
1,23056
1,23057
1,23058
0,23059
0,23060
0,23061
0,23062
0,23063
1,23064
1,23065
1,23066
0,23067
0,23068
0,23069
1,23070
0,23071
1,23072
1,23073
0,23074
0,23075
0,23076
0,23077
0,23078
0,23079
0,23080
1,23081
0,23082
0,23083
0,23084
0,23085
1,23086
0,23087
0,23088
1,23089
0,23090
1,23091
0,23092
0,23093
0,23094
0,23095
1,23096
0,23097
1,23098
0,23099
0,23100
1,23101
0,23102
0,23103
0,23104
0,23105
0,23106
1,23107
1,23108
1,23109
0,23110
0,23111
0,23112
1,23113
1,23114
1,23115
0,23116
0,23117
1,23118
1,23119
0,23120
1,23121
1,23122
1,23123
0,23124
0,23125
0,23126
0,23127
1,23128
1,23129
1,23130
1,23131
0,23132
0,23133
1,23134
1,23135
0,23136
1,23137
1,23138
0,23139
1,23140
0,23141
0,23142
1,23143
0,23144
0,23145
0,23146
0,23147
1,23148
0,23149
1,23150
1,23151
1,23152
1,23153
1,23154
0,23155
1,23156
1,23157
0,23158
0,23159
0,23160
0,23161
0,23162
1,23163
0,23164
1,23165
1,23166
1,23167
1,23168
0,23169
1,23170
0,23171
0,23172
0,23173
0,23174
0,23175
1,23176
1,23177
0,23178
1,23179
0,23180
0,23181
0,23182
1,23183
0,23184
0,23185
1,23186
1,23187
0,23188
1,23189
1,23190
0,23191
0,23192
0,23193
1,23194
0,23195
0,23196
0,23197
0,23198
1,23199
0,23200
0,23201
0,23202
1,23203
1,23204
0,23205
1,23206
0,23207
0,23208
1,23209
0,23210
0,23211
0,23212
1,23213
0,23214
0,23215
1,23216
1,23217
0,23218
0,23219
0,23220
1,23221
0,23222
1,23223
0,23224
1,23225
0,23226
0,23227
1,23228
1,23229
1,23230
0,23231
1,23232
0,23233
0,23234
1,23235
0,23236
0,23237
1,23238
0,23239
1,23240
1,23241
0,23242
1,23243
0,23244
1,23245
1,23246
1,23247
1,23248
1,23249
0,23250
1,23251
0,23252
0,23253
1,23254
1,23255
0,23256
0,23257
0,23258
0,23259
0,23260
0,23261
1,23262
0,23263
0,23264
1,23265
0,23266
1,23267
1,23268
1,23269
0,23270
0,23271
0,23272
1,23273
1,23274
0,23275
0,23276
1,23277
1,23278
0,23279
1,23280
0,23281
0,23282
1,23283
0,23284
0,23285
1,23286
0,23287
0,23288
0,23289
1,23290
0,23291
0,23292
1,23293
0,23294
1,23295
0,23296
0,23297
0,23298
1,23299
0,23300
1,23301
1,23302
0,23303
1,23304
1,23305
1,23306
1,23307
0,23308
0,23309
0,23310
0,23311
1,23312
1,23313
0,23314
0,23315
1,23316
0,23317
1,23318
0,23319
1,23320
0,23321
0,23322
1,23323
1,23324
1,23325
1,23326
1,23327
1,23328
1,23329
0,23330
1,23331
1,23332
0,23333
0,23334
1,23335
0,23336
0,23337
1,23338
0,23339
0,23340
0,23341
0,23342
1,23343
1,23344
1,23345
0,23346
1,23347
0,23348
1,23349
0,23350
1,23351
0,23352
1,23353
1,23354
0,23355
1,23356
1,23357
0,23358
1,23359
0,23360
1,23361
1,23362
0,23363
0,23364
0,23365
1,23366
1,23367
1,23368
1,23369
0,23370
0,23371
1,23372
1,23373
1,23374
1,23375
1,23376
0,23377
0,23378
1,23379
1,23380
1,23381
0,23382
1,23383
0,23384
1,23385
1,23386
0,23387
1,23388
0,23389
1,23390
1,23391
0,23392
1,23393
1,23394
0,23395
0,23396
1,23397
1,23398
1,23399
1,23400
0,23401
1,23402
1,23403
1,23404
0,23405
0,23406
1,23407
1,23408
1,23409
1,23410
1,23411
0,23412
0,23413
0,23414
1,23415
0,23416
0,23417
1,23418
0,23419
0,23420
0,23421
1,23422
1,23423
1,23424
1,23425
1,23426
0,23427
1,23428
1,23429
0,23430
1,23431
1,23432
1,23433
1,23434
0,23435
1,23436
1,23437
0,23438
0,23439
1,23440
0,23441
1,23442
1,23443
0,23444
1,23445
1,23446
1,23447
0,23448
0,23449
1,23450
0,23451
1,23452
1,23453
1,23454
0,23455
1,23456
1,23457
0,23458
1,23459
1,23460
0,23461
0,23462
1,23463
0,23464
1,23465
0,23466
1,23467
1,23468
0,23469
0,23470
1,23471
1,23472
1,23473
0,23474
0,23475
1,23476
1,23477
1,23478
0,23479
1,23480
1,23481
1,23482
0,23483
0,23484
1,23485
0,23486
0,23487
1,23488
1,23489
0,23490
0,23491
0,23492
0,23493
1,23494
1,23495
1,23496
0,23497
0,23498
0,23499
1,23500
0,23501
0,23502
0,23503
1,23504
1,23505
1,23506
1,23507
0,23508
1,23509
0,23510
1,23511
0,23512
1,23513
0,23514
0,23515
0,23516
1,23517
0,23518
0,23519
0,23520
1,23521
1,23522
1,23523
1,23524
1,23525
0,23526
0,23527
1,23528
1,23529
0,23530
0,23531
0,23532
0,23533
1,23534
0,23535
1,23536
1,23537
0,23538
0,23539
0,23540
0,23541
0,23542
0,23543
0,23544
1,23545
0,23546
0,23547
1,23548
1,23549
0,23550
1,23551
1,23552
1,23553
0,23554
1,23555
0,23556
1,23557
1,23558
1,23559
0,23560
0,23561
0,23562
0,23563
0,23564
1,23565
0,23566
0,23567
1,23568
1,23569
0,23570
0,23571
1,23572
0,23573
1,23574
1,23575
1,23576
0,23577
0,23578
1,23579
0,23580
0,23581
1,23582
0,23583
1,23584
0,23585
1,23586
1,23587
1,23588
1,23589
0,23590
0,23591
0,23592
1,23593
1,23594
1,23595
1,23596
0,23597
0,23598
1,23599
0,23600
1,23601
0,23602
0,23603
1,23604
0,23605
0,23606
0,23607
0,23608
0,23609
1,23610
0,23611
1,23612
0,23613
1,23614
1,23615
0,23616
1,23617
0,23618
1,23619
1,23620
1,23621
1,23622
0,23623
0,23624
0,23625
0,23626
1,23627
0,23628
0,23629
0,23630
1,23631
0,23632
0,23633
0,23634
1,23635
0,23636
0,23637
1,23638
0,23639
1,23640
0,23641
0,23642
0,23643
0,23644
1,23645
1,23646
0,23647
1,23648
1,23649
0,23650
0,23651
0,23652
1,23653
1,23654
0,23655
0,23656
1,23657
0,23658
0,23659
1,23660
1,23661
1,23662
0,23663
0,23664
0,23665
0,23666
1,23667
0,23668
0,23669
1,23670
1,23671
0,23672
0,23673
0,23674
1,23675
1,23676
1,23677
1,23678
1,23679
1,23680
0,23681
0,23682
0,23683
1,23684
0,23685
1,23686
0,23687
1,23688
1,23689
0,23690
0,23691
1,23692
0,23693
0,23694
0,23695
0,23696
0,23697
0,23698
0,23699
1,23700
0,23701
1,23702
0,23703
1,23704
1,23705
1,23706
0,23707
0,23708
1,23709
1,23710
1,23711
0,23712
1,23713
1,23714
0,23715
1,23716
0,23717
1,23718
1,23719
0,23720
1,23721
1,23722
0,23723
1,23724
0,23725
0,23726
1,23727
1,23728
1,23729
0,23730
0,23731
0,23732
1,23733
0,23734
0,23735
1,23736
0,23737
0,23738
0,23739
0,23740
1,23741
1,23742
1,23743
0,23744
1,23745
0,23746
1,23747
1,23748
0,23749
1,23750
1,23751
0,23752
0,23753
1,23754
0,23755
0,23756
1,23757
1,23758
0,23759
0,23760
1,23761
0,23762
0,23763
1,23764
1,23765
1,23766
0,23767
0,23768
1,23769
0,23770
0,23771
0,23772
0,23773
1,23774
1,23775
0,23776
0,23777
1,23778
0,23779
0,23780
0,23781
1,23782
1,23783
1,23784
0,23785
0,23786
1,23787
0,23788
1,23789
0,23790
1,23791
0,23792
0,23793
0,23794
1,23795
0,23796
0,23797
1,23798
0,23799
0,23800
0,23801
1,23802
0,23803
0,23804
0,23805
1,23806
0,23807
0,23808
0,23809
0,23810
0,23811
0,23812
1,23813
0,23814
1,23815
1,23816
1,23817
1,23818
1,23819
1,23820
1,23821
1,23822
1,23823
1,23824
1,23825
1,23826
1,23827
1,23828
1,23829
1,23830
1,23831
0,23832
0,23833
1,23834
1,23835
1,23836
1,23837
0,23838
0,23839
1,23840
1,23841
1,23842
1,23843
1,23844
1,23845
0,23846
1,23847
0,23848
1,23849
0,23850
1,23851
0,23852
0,23853
0,23854
1,23855
0,23856
0,23857
0,23858
1,23859
0,23860
0,23861
1,23862
0,23863
0,23864
0,23865
1,23866
0,23867
1,23868
0,23869
1,23870
0,23871
1,23872
1,23873
0,23874
0,23875
0,23876
1,23877
1,23878
0,23879
0,23880
1,23881
1,23882
0,23883
0,23884
1,23885
0,23886
0,23887
0,23888
1,23889
1,23890
0,23891
1,23892
1,23893
1,23894
0,23895
1,23896
1,23897
1,23898
0,23899
0,23900
0,23901
0,23902
1,23903
0,23904
0,23905
1,23906
1,23907
1,23908
1,23909
0,23910
0,23911
1,23912
1,23913
1,23914
1,23915
0,23916
0,23917
0,23918
1,23919
0,23920
1,23921
0,23922
1,23923
0,23924
1,23925
1,23926
1,23927
1,23928
1,23929
1,23930
0,23931
0,23932
1,23933
0,23934
0,23935
1,23936
1,23937
0,23938
1,23939
0,23940
0,23941
0,23942
0,23943
0,23944
1,23945
1,23946
1,23947
1,23948
0,23949
0,23950
0,23951
1,23952
1,23953
1,23954
0,23955
0,23956
0,23957
1,23958
1,23959
0,23960
1,23961
1,23962
1,23963
0,23964
0,23965
0,23966
1,23967
1,23968
0,23969
1,23970
1,23971
1,23972
0,23973
1,23974
0,23975
0,23976
1,23977
1,23978
0,23979
1,23980
1,23981
1,23982
0,23983
0,23984
1,23985
1,23986
1,23987
1,23988
0,23989
0,23990
0,23991
0,23992
1,23993
0,23994
1,23995
1,23996
0,23997
0,23998
0,23999
0,24000
0,24001
0,24002
0,24003
1,24004
0,24005
0,24006
1,24007
1,24008
1,24009
1,24010
1,24011
0,24012
1,24013
0,24014
1,24015
0,24016
1,24017
0,24018
0,24019
0,24020
1,24021
1,24022
1,24023
0,24024
1,24025
0,24026
1,24027
1,24028
0,24029
0,24030
1,24031
1,24032
1,24033
0,24034
0,24035
1,24036
0,24037
0,24038
1,24039
0,24040
1,24041
1,24042
1,24043
0,24044
0,24045
0,24046
0,24047
1,24048
1,24049
0,24050
1,24051
1,24052
0,24053
0,24054
1,24055
0,24056
0,24057
0,24058
0,24059
1,24060
1,24061
1,24062
0,24063
1,24064
0,24065
0,24066
0,24067
0,24068
1,24069
1,24070
0,24071
0,24072
1,24073
0,24074
0,24075
0,24076
1,24077
0,24078
1,24079
1,24080
0,24081
1,24082
1,24083
0,24084
1,24085
0,24086
0,24087
0,24088
0,24089
1,24090
1,24091
0,24092
0,24093
1,24094
0,24095
1,24096
0,24097
1,24098
0,24099
0,24100
1,24101
1,24102
0,24103
0,24104
0,24105
1,24106
0,24107
0,24108
1,24109
0,24110
1,24111
0,24112
0,24113
1,24114
1,24115
0,24116
0,24117
0,24118
1,24119
0,24120
0,24121
1,24122
1,24123
1,24124
0,24125
1,24126
0,24127
1,24128
1,24129
1,24130
1,24131
0,24132
0,24133
0,24134
1,24135
0,24136
1,24137
1,24138
0,24139
1,24140
0,24141
0,24142
1,24143
0,24144
0,24145
1,24146
0,24147
0,24148
1,24149
1,24150
1,24151
0,24152
0,24153
1,24154
0,24155
0,24156
1,24157
1,24158
1,24159
1,24160
1,24161
0,24162
0,24163
1,24164
0,24165
0,24166
1,24167
1,24168
0,24169
1,24170
1,24171
0,24172
1,24173
0,24174
1,24175
1,24176
1,24177
1,24178
0,24179
0,24180
0,24181
0,24182
1,24183
0,24184
1,24185
1,24186
0,24187
0,24188
1,24189
1,24190
1,24191
0,24192
0,24193
0,24194
0,24195
1,24196
0,24197
0,24198
0,24199
1,24200
0,24201
0,24202
0,24203
0,24204
0,24205
0,24206
0,24207
0,24208
1,24209
0,24210
1,24211
1,24212
0,24213
1,24214
0,24215
1,24216
0,24217
1,24218
0,24219
1,24220
1,24221
0,24222
0,24223
0,24224
0,24225
0,24226
0,24227
0,24228
1,24229
1,24230
1,24231
0,24232
0,24233
0,24234
0,24235
1,24236
0,24237
0,24238
0,24239
1,24240
0,24241
1,24242
1,24243
1,24244
0,24245
0,24246
0,24247
1,24248
1,24249
0,24250
1,24251
0,24252
1,24253
0,24254
0,24255
0,24256
1,24257
0,24258
1,24259
1,24260
1,24261
1,24262
1,24263
1,24264
0,24265
0,24266
1,24267
0,24268
0,24269
1,24270
1,24271
1,24272
1,24273
0,24274
1,24275
0,24276
1,24277
1,24278
0,24279
0,24280
1,24281
0,24282
1,24283
0,24284
0,24285
1,24286
0,24287
0,24288
1,24289
1,24290
0,24291
0,24292
1,24293
0,24294
1,24295
1,24296
0,24297
0,24298
0,24299
0,24300
1,24301
0,24302
0,24303
0,24304
0,24305
0,24306
1,24307
1,24308
0,24309
0,24310
0,24311
1,24312
1,24313
0,24314
1,24315
0,24316
0,24317
1,24318
1,24319
1,24320
1,24321
1,24322
0,24323
0,24324
1,24325
1,24326
0,24327
0,24328
1,24329
1,24330
1,24331
1,24332
1,24333
0,24334
0,24335
0,24336
0,24337
1,24338
1,24339
0,24340
1,24341
0,24342
0,24343
1,24344
1,24345
0,24346
0,24347
0,24348
0,24349
1,24350
0,24351
1,24352
0,24353
0,24354
1,24355
1,24356
0,24357
0,24358
1,24359
0,24360
1,24361
1,24362
1,24363
1,24364
1,24365
1,24366
0,24367
1,24368
1,24369
1,24370
0,24371
1,24372
0,24373
0,24374
0,24375
0,24376
0,24377
1,24378
0,24379
0,24380
1,24381
0,24382
0,24383
1,24384
0,24385
0,24386
0,24387
0,24388
0,24389
0,24390
1,24391
0,24392
0,24393
0,24394
0,24395
1,24396
1,24397
0,24398
0,24399
0,24400
0,24401
0,24402
0,24403
1,24404
0,24405
0,24406
1,24407
1,24408
1,24409
0,24410
0,24411
1,24412
1,24413
1,24414
1,24415
0,24416
1,24417
1,24418
1,24419
0,24420
0,24421
0,24422
1,24423
0,24424
1,24425
1,24426
1,24427
1,24428
1,24429
0,24430
1,24431
0,24432
0,24433
1,24434
1,24435
1,24436
0,24437
1,24438
0,24439
0,24440
0,24441
0,24442
1,24443
1,24444
1,24445
0,24446
0,24447
0,24448
1,24449
0,24450
1,24451
0,24452
1,24453
1,24454
0,24455
0,24456
1,24457
0,24458
0,24459
1,24460
1,24461
1,24462
1,24463
0,24464
1,24465
1,24466
0,24467
0,24468
0,24469
0,24470
0,24471
0,24472
0,24473
0,24474
0,24475
0,24476
0,24477
1,24478
0,24479
0,24480
0,24481
0,24482
1,24483
1,24484
1,24485
1,24486
1,24487
0,24488
0,24489
1,24490
1,24491
0,24492
0,24493
0,24494
1,24495
1,24496
0,24497
0,24498
0,24499
1,24500
1,24501
0,24502
1,24503
1,24504
1,24505
1,24506
0,24507
0,24508
0,24509
1,24510
1,24511
1,24512
0,24513
1,24514
0,24515
1,24516
0,24517
1,24518
1,24519
1,24520
1,24521
0,24522
1,24523
1,24524
0,24525
0,24526
1,24527
0,24528
0,24529
0,24530
1,24531
1,24532
0,24533
1,24534
1,24535
1,24536
0,24537
1,24538
0,24539
0,24540
0,24541
1,24542
0,24543
0,24544
0,24545
1,24546
0,24547
0,24548
1,24549
0,24550
1,24551
1,24552
0,24553
0,24554
0,24555
1,24556
1,24557
0,24558
1,24559
1,24560
0,24561
1,24562
1,24563
1,24564
0,24565
1,24566
1,24567
1,24568
0,24569
0,24570
1,24571
0,24572
1,24573
0,24574
1,24575
1,24576
0,24577
1,24578
1,24579
0,24580
1,24581
1,24582
1,24583
1,24584
1,24585
1,24586
0,24587
0,24588
1,24589
0,24590
0,24591
0,24592
0,24593
0,24594
1,24595
1,24596
0,24597
1,24598
0,24599
0,24600
0,24601
1,24602
0,24603
0,24604
0,24605
1,24606
1,24607
0,24608
1,24609
1,24610
1,24611
1,24612
1,24613
1,24614
1,24615
0,24616
0,24617
0,24618
1,24619
0,24620
0,24621
0,24622
1,24623
0,24624
0,24625
1,24626
0,24627
0,24628
1,24629
1,24630
0,24631
1,24632
1,24633
0,24634
1,24635
1,24636
1,24637
0,24638
1,24639
1,24640
1,24641
1,24642
1,24643
1,24644
1,24645
1,24646
1,24647
1,24648
0,24649
1,24650
0,24651
1,24652
1,24653
1,24654
1,24655
1,24656
1,24657
1,24658
0,24659
0,24660
0,24661
0,24662
1,24663
0,24664
1,24665
1,24666
0,24667
1,24668
0,24669
1,24670
0,24671
1,24672
1,24673
0,24674
0,24675
0,24676
0,24677
0,24678
0,24679
1,24680
0,24681
1,24682
0,24683
1,24684
0,24685
1,24686
0,24687
1,24688
0,24689
0,24690
1,24691
0,24692
1,24693
1,24694
1,24695
1,24696
0,24697
0,24698
1,24699
1,24700
0,24701
1,24702
1,24703
0,24704
0,24705
0,24706
0,24707
1,24708
0,24709
1,24710
1,24711
0,24712
1,24713
1,24714
1,24715
0,24716
1,24717
1,24718
1,24719
0,24720
0,24721
0,24722
0,24723
0,24724
0,24725
1,24726
0,24727
1,24728
1,24729
1,24730
0,24731
1,24732
0,24733
1,24734
1,24735
1,24736
1,24737
1,24738
0,24739
0,24740
0,24741
1,24742
1,24743
0,24744
1,24745
1,24746
0,24747
1,24748
0,24749
0,24750
0,24751
0,24752
0,24753
1,24754
0,24755
0,24756
1,24757
1,24758
1,24759
0,24760
1,24761
0,24762
1,24763
0,24764
0,24765
0,24766
0,24767
0,24768
0,24769
1,24770
0,24771
0,24772
0,24773
1,24774
0,24775
0,24776
0,24777
0,24778
1,24779
0,24780
1,24781
0,24782
0,24783
0,24784
1,24785
0,24786
1,24787
1,24788
1,24789
0,24790
0,24791
0,24792
1,24793
1,24794
1,24795
0,24796
0,24797
0,24798
1,24799
0,24800
1,24801
0,24802
1,24803
1,24804
1,24805
1,24806
0,24807
1,24808
0,24809
1,24810
0,24811
1,24812
1,24813
0,24814
1,24815
0,24816
1,24817
1,24818
0,24819
1,24820
0,24821
1,24822
1,24823
1,24824
0,24825
0,24826
0,24827
0,24828
0,24829
1,24830
0,24831
0,24832
1,24833
0,24834
1,24835
1,24836
0,24837
1,24838
1,24839
1,24840
1,24841
1,24842
1,24843
1,24844
0,24845
0,24846
1,24847
0,24848
1,24849
0,24850
0,24851
1,24852
1,24853
0,24854
1,24855
0,24856
0,24857
0,24858
0,24859
0,24860
1,24861
0,24862
0,24863
1,24864
0,24865
0,24866
1,24867
1,24868
0,24869
1,24870
1,24871
0,24872
1,24873
1,24874
0,24875
1,24876
1,24877
1,24878
0,24879
1,24880
1,24881
0,24882
1,24883
1,24884
0,24885
0,24886
1,24887
1,24888
0,24889
0,24890
1,24891
0,24892
1,24893
0,24894
1,24895
0,24896
1,24897
0,24898
0,24899
1,24900
0,24901
1,24902
1,24903
1,24904
0,24905
1,24906
0,24907
1,24908
0,24909
1,24910
1,24911
1,24912
0,24913
1,24914
1,24915
0,24916
0,24917
1,24918
1,24919
0,24920
0,24921
0,24922
1,24923
1,24924
1,24925
1,24926
0,24927
1,24928
1,24929
1,24930
0,24931
0,24932
1,24933
0,24934
0,24935
1,24936
1,24937
1,24938
0,24939
0,24940
0,24941
0,24942
1,24943
1,24944
1,24945
1,24946
0,24947
1,24948
0,24949
1,24950
0,24951
0,24952
0,24953
0,24954
0,24955
1,24956
1,24957
0,24958
1,24959
1,24960
1,24961
0,24962
1,24963
0,24964
0,24965
1,24966
1,24967
0,24968
1,24969
0,24970
0,24971
1,24972
1,24973
0,24974
1,24975
1,24976
0,24977
1,24978
0,24979
0,24980
0,24981
0,24982
1,24983
1,24984
1,24985
1,24986
0,24987
0,24988
1,24989
1,24990
0,24991
0,24992
1,24993
0,24994
0,24995
0,24996
0,24997
1,24998
1,24999
1,25000
0,25001
1,25002
1,25003
1,25004
0,25005
0,25006
1,25007
1,25008
1,25009
1,25010
1,25011
0,25012
0,25013
1,25014
1,25015
0,25016
1,25017
1,25018
0,25019
1,25020
1,25021
1,25022
0,25023
1,25024
1,25025
0,25026
1,25027
1,25028
0,25029
0,25030
1,25031
0,25032
0,25033
0,25034
1,25035
0,25036
0,25037
1,25038
0,25039
0,25040
0,25041
1,25042
0,25043
0,25044
1,25045
1,25046
1,25047
0,25048
1,25049
1,25050
1,25051
0,25052
0,25053
1,25054
1,25055
1,25056
1,25057
0,25058
1,25059
0,25060
1,25061
1,25062
0,25063
1,25064
1,25065
1,25066
1,25067
1,25068
1,25069
0,25070
1,25071
0,25072
0,25073
1,25074
0,25075
0,25076
1,25077
0,25078
0,25079
0,25080
1,25081
0,25082
0,25083
1,25084
0,25085
1,25086
1,25087
1,25088
0,25089
1,25090
0,25091
1,25092
1,25093
1,25094
1,25095
1,25096
1,25097
0,25098
0,25099
1,25100
1,25101
1,25102
0,25103
1,25104
0,25105
0,25106
0,25107
1,25108
1,25109
0,25110
1,25111
0,25112
0,25113
1,25114
0,25115
0,25116
1,25117
1,25118
0,25119
0,25120
1,25121
0,25122
1,25123
1,25124
1,25125
1,25126
1,25127
0,25128
0,25129
1,25130
1,25131
0,25132
0,25133
1,25134
0,25135
0,25136
0,25137
1,25138
1,25139
0,25140
0,25141
0,25142
1,25143
1,25144
1,25145
0,25146
0,25147
0,25148
1,25149
0,25150
0,25151
1,25152
0,25153
1,25154
0,25155
0,25156
0,25157
1,25158
0,25159
0,25160
1,25161
0,25162
0,25163
1,25164
0,25165
0,25166
0,25167
0,25168
1,25169
1,25170
0,25171
1,25172
0,25173
1,25174
0,25175
0,25176
1,25177
1,25178
1,25179
1,25180
1,25181
1,25182
0,25183
1,25184
1,25185
1,25186
0,25187
1,25188
0,25189
0,25190
1,25191
1,25192
1,25193
1,25194
1,25195
0,25196
1,25197
1,25198
1,25199
1,25200
1,25201
1,25202
0,25203
1,25204
1,25205
0,25206
0,25207
1,25208
0,25209
0,25210
0,25211
1,25212
1,25213
1,25214
0,25215
0,25216
0,25217
1,25218
0,25219
0,25220
1,25221
1,25222
1,25223
1,25224
0,25225
1,25226
0,25227
0,25228
1,25229
0,25230
0,25231
0,25232
0,25233
1,25234
1,25235
1,25236
1,25237
1,25238
1,25239
1,25240
0,25241
0,25242
1,25243
0,25244
0,25245
1,25246
0,25247
1,25248
0,25249
1,25250
1,25251
1,25252
0,25253
0,25254
1,25255
1,25256
1,25257
1,25258
0,25259
0,25260
1,25261
0,25262
1,25263
0,25264
1,25265
1,25266
1,25267
0,25268
1,25269
0,25270
0,25271
1,25272
1,25273
0,25274
1,25275
0,25276
1,25277
1,25278
0,25279
1,25280
1,25281
1,25282
1,25283
1,25284
0,25285
1,25286
0,25287
1,25288
0,25289
0,25290
1,25291
0,25292
0,25293
0,25294
0,25295
1,25296
1,25297
1,25298
1,25299
0,25300
0,25301
0,25302
0,25303
0,25304
0,25305
1,25306
1,25307
0,25308
0,25309
0,25310
0,25311
0,25312
1,25313
1,25314
1,25315
0,25316
1,25317
1,25318
0,25319
0,25320
1,25321
0,25322
1,25323
0,25324
1,25325
0,25326
0,25327
0,25328
0,25329
1,25330
0,25331
1,25332
0,25333
1,25334
1,25335
1,25336
1,25337
0,25338
1,25339
0,25340
1,25341
0,25342
0,25343
1,25344
1,25345
1,25346
1,25347
0,25348
1,25349
1,25350
0,25351
0,25352
1,25353
1,25354
1,25355
0,25356
0,25357
1,25358
1,25359
1,25360
1,25361
0,25362
1,25363
0,25364
0,25365
0,25366
1,25367
0,25368
0,25369
0,25370
1,25371
0,25372
1,25373
0,25374
1,25375
0,25376
1,25377
0,25378
0,25379
1,25380
0,25381
1,25382
1,25383
1,25384
0,25385
1,25386
1,25387
0,25388
1,25389
0,25390
0,25391
0,25392
1,25393
0,25394
1,25395
1,25396
1,25397
0,25398
0,25399
1,25400
1,25401
1,25402
1,25403
1,25404
1,25405
1,25406
0,25407
0,25408
1,25409
1,25410
0,25411
0,25412
1,25413
1,25414
1,25415
0,25416
0,25417
0,25418
0,25419
1,25420
1,25421
0,25422
0,25423
1,25424
0,25425
1,25426
1,25427
1,25428
1,25429
1,25430
1,25431
0,25432
0,25433
0,25434
1,25435
0,25436
1,25437
1,25438
0,25439
1,25440
0,25441
0,25442
0,25443
0,25444
1,25445
0,25446
1,25447
0,25448
0,25449
1,25450
1,25451
0,25452
1,25453
0,25454
0,25455
0,25456
1,25457
1,25458
1,25459
0,25460
1,25461
0,25462
0,25463
1,25464
0,25465
1,25466
0,25467
1,25468
0,25469
1,25470
1,25471
0,25472
0,25473
1,25474
1,25475
0,25476
1,25477
0,25478
0,25479
1,25480
1,25481
1,25482
1,25483
0,25484
1,25485
1,25486
1,25487
0,25488
0,25489
0,25490
1,25491
1,25492
0,25493
0,25494
1,25495
1,25496
1,25497
1,25498
1,25499
0,25500
0,25501
1,25502
1,25503
0,25504
1,25505
1,25506
1,25507
1,25508
0,25509
1,25510
1,25511
1,25512
1,25513
0,25514
0,25515
1,25516
0,25517
0,25518
1,25519
1,25520
0,25521
1,25522
0,25523
1,25524
0,25525
1,25526
0,25527
0,25528
1,25529
0,25530
0,25531
1,25532
0,25533
1,25534
1,25535
1,25536
0,25537
1,25538
0,25539
1,25540
1,25541
0,25542
1,25543
1,25544
0,25545
1,25546
1,25547
0,25548
1,25549
0,25550
1,25551
0,25552
0,25553
0,25554
0,25555
1,25556
0,25557
1,25558
1,25559
0,25560
0,25561
1,25562
0,25563
0,25564
0,25565
1,25566
0,25567
1,25568
1,25569
1,25570
0,25571
1,25572
1,25573
0,25574
1,25575
1,25576
1,25577
0,25578
1,25579
0,25580
1,25581
0,25582
1,25583
1,25584
0,25585
0,25586
1,25587
0,25588
0,25589
0,25590
1,25591
0,25592
0,25593
0,25594
1,25595
0,25596
1,25597
1,25598
0,25599
1,25600
1,25601
0,25602
1,25603
0,25604
0,25605
0,25606
0,25607
1,25608
1,25609
0,25610
1,25611
1,25612
0,25613
1,25614
0,25615
0,25616
0,25617
0,25618
0,25619
1,25620
0,25621
1,25622
1,25623
1,25624
1,25625
1,25626
1,25627
0,25628
0,25629
1,25630
1,25631
1,25632
1,25633
1,25634
1,25635
0,25636
0,25637
0,25638
1,25639
1,25640
0,25641
0,25642
1,25643
0,25644
1,25645
0,25646
0,25647
0,25648
1,25649
0,25650
0,25651
0,25652
1,25653
0,25654
1,25655
1,25656
0,25657
1,25658
0,25659
0,25660
0,25661
1,25662
1,25663
0,25664
0,25665
1,25666
0,25667
0,25668
0,25669
0,25670
0,25671
1,25672
1,25673
0,25674
0,25675
0,25676
0,25677
1,25678
0,25679
0,25680
1,25681
1,25682
0,25683
0,25684
1,25685
1,25686
0,25687
1,25688
0,25689
0,25690
0,25691
0,25692
0,25693
1,25694
1,25695
0,25696
1,25697
0,25698
1,25699
1,25700
0,25701
1,25702
0,25703
0,25704
0,25705
1,25706
0,25707
1,25708
1,25709
1,25710
1,25711
1,25712
0,25713
1,25714
1,25715
0,25716
1,25717
1,25718
0,25719
1,25720
0,25721
0,25722
0,25723
1,25724
1,25725
1,25726
0,25727
0,25728
0,25729
1,25730
1,25731
1,25732
0,25733
1,25734
0,25735
0,25736
1,25737
0,25738
1,25739
1,25740
1,25741
0,25742
1,25743
0,25744
0,25745
0,25746
1,25747
0,25748
0,25749
1,25750
1,25751
1,25752
1,25753
0,25754
1,25755
1,25756
1,25757
0,25758
0,25759
0,25760
1,25761
1,25762
1,25763
1,25764
0,25765
0,25766
1,25767
1,25768
1,25769
0,25770
0,25771
1,25772
0,25773
0,25774
0,25775
0,25776
0,25777
0,25778
0,25779
1,25780
0,25781
1,25782
1,25783
0,25784
0,25785
0,25786
1,25787
0,25788
1,25789
0,25790
1,25791
0,25792
1,25793
0,25794
0,25795
0,25796
1,25797
0,25798
1,25799
1,25800
0,25801
1,25802
0,25803
0,25804
0,25805
1,25806
1,25807
1,25808
0,25809
1,25810
1,25811
0,25812
0,25813
1,25814
1,25815
0,25816
1,25817
1,25818
1,25819
1,25820
0,25821
1,25822
0,25823
1,25824
1,25825
1,25826
0,25827
0,25828
0,25829
0,25830
1,25831
0,25832
0,25833
0,25834
0,25835
1,25836
0,25837
0,25838
0,25839
0,25840
0,25841
1,25842
1,25843
1,25844
1,25845
1,25846
0,25847
0,25848
1,25849
1,25850
0,25851
0,25852
1,25853
0,25854
0,25855
0,25856
1,25857
0,25858
0,25859
0,25860
1,25861
0,25862
1,25863
0,25864
0,25865
1,25866
1,25867
0,25868
1,25869
0,25870
1,25871
0,25872
1,25873
1,25874
1,25875
0,25876
0,25877
0,25878
1,25879
0,25880
0,25881
0,25882
0,25883
0,25884
1,25885
0,25886
1,25887
1,25888
0,25889
1,25890
1,25891
1,25892
0,25893
0,25894
1,25895
1,25896
0,25897
1,25898
1,25899
1,25900
0,25901
1,25902
0,25903
0,25904
1,25905
0,25906
0,25907
1,25908
1,25909
0,25910
0,25911
1,25912
0,25913
0,25914
1,25915
0,25916
1,25917
1,25918
1,25919
1,25920
1,25921
1,25922
0,25923
0,25924
0,25925
0,25926
1,25927
0,25928
1,25929
0,25930
0,25931
1,25932
0,25933
1,25934
1,25935
1,25936
1,25937
0,25938
0,25939
1,25940
1,25941
0,25942
1,25943
1,25944
1,25945
1,25946
1,25947
0,25948
0,25949
1,25950
1,25951
1,25952
0,25953
1,25954
0,25955
0,25956
0,25957
1,25958
1,25959
0,25960
1,25961
0,25962
1,25963
1,25964
0,25965
0,25966
1,25967
0,25968
0,25969
1,25970
0,25971
1,25972
0,25973
1,25974
0,25975
0,25976
0,25977
0,25978
0,25979
0,25980
1,25981
0,25982
0,25983
0,25984
0,25985
1,25986
0,25987
0,25988
1,25989
0,25990
0,25991
1,25992
0,25993
0,25994
0,25995
0,25996
0,25997
1,25998
0,25999
